"ID","Description","GeneRatio","BgRatio","pvalue","p.adjust","qvalue","geneID","Count"
"R-HSA-913531","Interferon Signaling","66/612","199/10616",2.33943196941837e-33,2.62952153362625e-30,2.13996461202586e-30,"OAS2/IFI6/IFIT1/HERC5/OASL/DDX58/IFI35/OAS3/IFITM2/IFI27/RSAD2/IFIT2/USP18/IFITM3/OAS1/TRIM21/STAT2/IFIT3/SP100/IFITM1/XAF1/TRIM38/STAT1/HLA-E/TRIM14/SAMHD1/B2M/TRIM5/UBE2L6/HLA-B/HLA-C/BST2/EIF2AK2/MT2A/PSMB8/HLA-F/IRF1/ADAR/GBP3/GBP4/PML/GBP1/HLA-A/IRF7/HLA-G/IRF2/UBA7/TRIM26/IFI30/ISG15/IFNB1/JAK2/TRIM22/ISG20/GBP7/TRIM25/GBP2/NUP50/SOCS1/MID1/TRIM6/RNASEL/IFNA13/NUP160/NUP153/EGR1",66
"R-HSA-909733","Interferon alpha/beta signaling","39/612","69/10616",9.04488859805109e-31,5.08322739210471e-28,4.13684641668758e-28,"OAS2/IFI6/IFIT1/OASL/IFI35/OAS3/IFITM2/IFI27/RSAD2/IFIT2/USP18/IFITM3/OAS1/STAT2/IFIT3/IFITM1/XAF1/STAT1/HLA-E/SAMHD1/HLA-B/HLA-C/BST2/PSMB8/HLA-F/IRF1/ADAR/HLA-A/IRF7/HLA-G/IRF2/ISG15/IFNB1/ISG20/GBP2/SOCS1/RNASEL/IFNA13/EGR1",39
"R-HSA-877300","Interferon gamma signaling","35/612","92/10616",2.20875808456643e-20,8.27548029017555e-18,6.73477465083588e-18,"OAS2/OASL/OAS3/OAS1/TRIM21/SP100/TRIM38/STAT1/HLA-E/TRIM14/B2M/TRIM5/HLA-B/HLA-C/MT2A/HLA-F/IRF1/GBP3/GBP4/PML/GBP1/HLA-A/IRF7/HLA-G/IRF2/TRIM26/IFI30/JAK2/TRIM22/GBP7/TRIM25/GBP2/SOCS1/MID1/TRIM6",35
"R-HSA-449147","Signaling by Interleukins","63/612","460/10616",7.78453448057159e-11,2.18745418904062e-08,1.7802001220044e-08,"STAT2/STAT1/MYD88/CCL5/IFNL2/CASP1/IFNL1/PSME2/PSMB8/IFNL3/LGALS9/PSMB9/PSME1/LIFR/CXCL10/CSF1/PSMF1/IL22RA1/CXCL1/IL15/MCL1/CCL2/JAK2/MAP3K8/PSMA3/MAP2K6/NFKB2/OSMR/IL7/NFKBIA/FGF2/CXCL2/CXCL8/CCL20/FN1/IL18BP/IRAK2/GATA3/PSMB10/H3C11/STAT3/IL17RC/PSMA6/JUNB/MAOA/PIK3R3/IL1R1/RIPK2/SOCS1/IL15RA/SOD2/PSMA4/IL6ST/CNN2/H3C1/DUSP3/RELA/IRAK3/BIRC5/IL1RAP/IRAK4/STAT6/HMOX1",63
"R-HSA-983170","Antigen Presentation: Folding, assembly and peptide loading of class I MHC","13/612","25/10616",1.87615031970376e-10,4.21758591869404e-08,3.43236763752119e-08,"TAP1/HLA-E/B2M/TAP2/HLA-B/HLA-C/HLA-F/HLA-A/HLA-G/ERAP1/ERAP2/TAPBP/SEC24D",13
"R-HSA-1236977","Endosomal/Vacuolar pathway","9/612","11/10616",3.29364942771755e-10,6.17010326125755e-08,5.02137079418693e-08,"HLA-E/B2M/HLA-B/HLA-C/HLA-F/HLA-A/HLA-G/CTSS/LNPEP",9
"R-HSA-168928","DDX58/IFIH1-mediated induction of interferon-alpha/beta","21/612","78/10616",1.65731953245819e-09,2.66118164926143e-07,2.16573033640025e-07,"IFIH1/HERC5/DDX58/UBE2L6/IRF7/TNFAIP3/UBA7/DHX58/NLRC5/ISG15/IFNB1/CYLD/NFKB2/NFKBIA/TRIM25/CASP8/RIPK1/CASP10/MAVS/IFNA13/RELA",21
"R-HSA-5213460","RIPK1-mediated regulated necrosis","11/612","20/10616",2.23173985150594e-09,2.7871951034363e-07,2.26828296018557e-07,"TNFSF10/MLKL/BIRC3/FAS/TNFRSF10A/CASP8/BIRC2/CFLAR/RIPK1/TNFRSF10B/XIAP",11
"R-HSA-5218859","Regulated Necrosis","11/612","20/10616",2.23173985150594e-09,2.7871951034363e-07,2.26828296018557e-07,"TNFSF10/MLKL/BIRC3/FAS/TNFRSF10A/CASP8/BIRC2/CFLAR/RIPK1/TNFRSF10B/XIAP",11
"R-HSA-5675482","Regulation of necroptotic cell death","10/612","18/10616",1.08363570959802e-08,1.21800653758818e-06,9.91241506990192e-07,"TNFSF10/BIRC3/FAS/TNFRSF10A/CASP8/BIRC2/CFLAR/RIPK1/TNFRSF10B/XIAP",10
"R-HSA-1236974","ER-Phagosome pathway","20/612","83/10616",3.21022162455163e-08,3.03001192637318e-06,2.46589283013513e-06,"TAP1/HLA-E/B2M/TAP2/MYD88/HLA-B/HLA-C/PSME2/PSMB8/HLA-F/HLA-A/HLA-G/PSMB9/PSME1/TAPBP/PSMF1/PSMA3/PSMB10/PSMA6/PSMA4",20
"R-HSA-1236975","Antigen processing-Cross presentation","22/612","99/10616",3.23488817762261e-08,3.03001192637318e-06,2.46589283013513e-06,"TAP1/HLA-E/B2M/TAP2/MYD88/HLA-B/HLA-C/PSME2/PSMB8/HLA-F/HLA-A/HLA-G/PSMB9/PSME1/TAPBP/CTSS/PSMF1/LNPEP/PSMA3/PSMB10/PSMA6/PSMA4",22
"R-HSA-5689880","Ub-specific processing proteases","34/612","214/10616",5.87979954739265e-08,5.08376514713026e-06,4.13728405399531e-06,"IFIH1/DDX58/USP18/PSME2/PSMB8/PSMB9/PSME1/BIRC3/PSMF1/PSMA3/CYLD/NFKBIA/ATXN7/USP15/USP42/H2AC12/GATA3/ARRB1/PSMB10/USP22/USP25/PSMA6/BIRC2/H2BC21/RIPK1/USP28/TOMM20/SMAD1/PSMA4/USP33/MAT2B/TNKS2/USP11/H2AC4",34
"R-HSA-5688426","Deubiquitination","40/612","291/10616",2.36926251526408e-07,1.90217933368345e-05,1.54803693666503e-05,"IFIH1/DDX58/USP18/PSME2/PSMB8/TNFAIP3/PSMB9/PSME1/BIRC3/PSMF1/PSMA3/CYLD/NFKBIA/ATXN7/TRIM25/USP15/USP42/H2AC12/GATA3/ARRB1/PSMB10/USP22/USP25/PSMA6/BIRC2/H2BC21/RIPK1/RIPK2/BARD1/USP28/TOMM20/SMAD1/TGFBR2/PSMA4/USP33/MAVS/MAT2B/TNKS2/USP11/H2AC4",40
"R-HSA-9020702","Interleukin-1 signaling","21/612","102/10616",2.65773665931487e-07,1.99153067004661e-05,1.62075309259272e-05,"MYD88/PSME2/PSMB8/PSMB9/PSME1/PSMF1/MAP3K8/PSMA3/MAP2K6/NFKB2/NFKBIA/IRAK2/PSMB10/PSMA6/IL1R1/RIPK2/PSMA4/RELA/IRAK3/IL1RAP/IRAK4",21
"R-HSA-5357801","Programmed Cell Death","29/612","180/10616",4.13229772712084e-07,2.8149990045729e-05,2.29091040922818e-05,"TNFSF10/MLKL/PSME2/PSMB8/PSMB9/CASP7/PSME1/BIRC3/FAS/PSMF1/PMAIP1/DSP/PSMA3/PSMB10/H1-3/PRKCQ/TNFRSF10A/STAT3/CASP8/PSMA6/BIRC2/CFLAR/RIPK1/OCLN/PSMA4/CDH1/TNFRSF10B/XIAP/CARD8",29
"R-HSA-1169410","Antiviral mechanism by IFN-stimulated genes","18/612","80/10616",4.74449774497115e-07,2.8149990045729e-05,2.29091040922818e-05,"OAS2/IFIT1/HERC5/OASL/DDX58/OAS3/USP18/OAS1/STAT1/UBE2L6/EIF2AK2/UBA7/ISG15/TRIM25/NUP50/RNASEL/NUP160/NUP153",18
"R-HSA-983169","Class I MHC mediated antigen processing & presentation","46/612","369/10616",5.38722097086744e-07,2.8149990045729e-05,2.29091040922818e-05,"HERC5/DTX3L/TRIM21/TAP1/RNF213/HERC6/HLA-E/B2M/TAP2/MYD88/UBE2L6/HLA-B/HLA-C/PSME2/PSMB8/HLA-F/HLA-A/RNF19B/HLA-G/ERAP1/PSMB9/UBA7/RBCK1/ERAP2/PSME1/TAPBP/CTSS/PSMF1/SEC24D/LNPEP/LMO7/RBBP6/TRIP12/PSMA3/RNF114/PSMB10/PSMA6/UBA6/SOCS1/WSB1/FBXO7/PSMA4/UBR2/FBXL20/SMURF1/ASB13",46
"R-HSA-3371378","Regulation by c-FLIP","7/612","11/10616",5.50978452852347e-07,2.8149990045729e-05,2.29091040922818e-05,"TNFSF10/FAS/TNFRSF10A/CASP8/CFLAR/RIPK1/TNFRSF10B",7
"R-HSA-5218900","CASP8 activity is inhibited","7/612","11/10616",5.50978452852347e-07,2.8149990045729e-05,2.29091040922818e-05,"TNFSF10/FAS/TNFRSF10A/CASP8/CFLAR/RIPK1/TNFRSF10B",7
"R-HSA-5661231","Metallothioneins bind metals","7/612","11/10616",5.50978452852347e-07,2.8149990045729e-05,2.29091040922818e-05,"MT2A/MT1G/MT1B/MT1A/MT1F/MT1X/MT1H",7
"R-HSA-69416","Dimerization of procaspase-8","7/612","11/10616",5.50978452852347e-07,2.8149990045729e-05,2.29091040922818e-05,"TNFSF10/FAS/TNFRSF10A/CASP8/CFLAR/RIPK1/TNFRSF10B",7
"R-HSA-446652","Interleukin-1 family signaling","24/612","139/10616",1.15762071640868e-06,5.65724210975371e-05,4.60399268905785e-05,"MYD88/CASP1/PSME2/PSMB8/PSMB9/PSME1/PSMF1/MAP3K8/PSMA3/MAP2K6/NFKB2/NFKBIA/IL18BP/IRAK2/PSMB10/STAT3/PSMA6/IL1R1/RIPK2/PSMA4/RELA/IRAK3/IL1RAP/IRAK4",24
"R-HSA-933543","NF-kB activation through FADD/RIP-1 pathway mediated by caspase-8 and -10","7/612","12/10616",1.2565660511815e-06,5.88491767303334e-05,4.78928025647684e-05,"IFIH1/DDX58/TRIM25/CASP8/RIPK1/CASP10/MAVS",7
"R-HSA-936440","Negative regulators of DDX58/IFIH1 signaling","11/612","34/10616",1.8082157313606e-06,8.12973792819726e-05,6.61616619179942e-05,"IFIH1/HERC5/DDX58/UBE2L6/TNFAIP3/UBA7/NLRC5/ISG15/CYLD/TRIM25/MAVS",11
"R-HSA-109581","Apoptosis","27/612","177/10616",3.06738637334742e-06,0.000132605472447788,0.000107917358641251,"TNFSF10/PSME2/PSMB8/PSMB9/CASP7/PSME1/FAS/PSMF1/PMAIP1/DSP/PSMA3/PSMB10/H1-3/PRKCQ/TNFRSF10A/STAT3/CASP8/PSMA6/BIRC2/CFLAR/RIPK1/OCLN/PSMA4/CDH1/TNFRSF10B/XIAP/CARD8",27
"R-HSA-73887","Death Receptor Signalling","23/612","140/10616",4.64330272616748e-06,0.000193298972748602,0.000157311113802711,"TNFSF10/MYD88/TNFAIP3/RBCK1/BIRC3/FAS/CYLD/NFKBIA/TNFRSF10A/CASP8/BIRC2/CFLAR/RIPK1/RIPK2/APH1A/CASP10/ARHGEF39/TNFRSF10B/RELA/XIAP/TNFRSF10D/ABR/VAV3",23
"R-HSA-5660526","Response to metal ions","7/612","14/10616",4.91745104675199e-06,0.000197400534876758,0.000160649058632612,"MT2A/MT1G/MT1B/MT1A/MT1F/MT1X/MT1H",7
"R-HSA-168643","Nucleotide-binding domain, leucine rich repeat containing receptor (NLR) signaling pathways","13/612","54/10616",8.458357190962e-06,0.000327834258022113,0.000266798998146859,"CASP1/TNFAIP3/CASP4/BIRC3/MAP2K6/CYLD/NFKB2/IRAK2/CASP8/BIRC2/PANX1/RIPK2/RELA",13
"R-HSA-140534","Caspase activation via Death Receptors in the presence of ligand","7/612","16/10616",1.48055398097739e-05,0.000554714224872864,0.000451439091041879,"TNFSF10/FAS/TNFRSF10A/CASP8/CFLAR/RIPK1/TNFRSF10B",7
"R-HSA-168638","NOD1/2 Signaling Pathway","10/612","35/10616",1.85808735446578e-05,0.000673706511748239,0.000548277728703146,"CASP1/TNFAIP3/CASP4/BIRC3/MAP2K6/CYLD/IRAK2/CASP8/BIRC2/RIPK2",10
"R-HSA-1257604","PIP3 activates AKT signaling","33/612","263/10616",1.94357975834265e-05,0.000682682390117857,0.000555582503289397,"MYD88/PSME2/PSMB8/PML/MOV10/BTC/PSMB9/PSME1/PSMF1/PIK3AP1/EREG/RICTOR/AREG/NRG1/PSMA3/AGO1/FGF2/NRG4/PSMB10/PSMA6/RRAGD/PIK3R3/MAPKAP1/PSMA4/INSR/FRS2/RCOR1/TNKS2/XIAP/CDKN1B/EGR1/IL1RAP/IRAK4",33
"R-HSA-8851680","Butyrophilin (BTN) family interactions","6/612","12/10616",2.45409567960434e-05,0.000835879861780389,0.000680258100662257,"BTN3A1/BTN3A3/BTN3A2/BTN2A1/PPL/BTN2A2",6
"R-HSA-9006925","Intracellular signaling by second messengers","36/612","304/10616",2.93987255675998e-05,0.000971887280528887,0.000790944040812514,"MYD88/PSME2/PSMB8/PML/MOV10/BTC/PSMB9/PSME1/PSMF1/PIK3AP1/EREG/RICTOR/AREG/NRG1/PSMA3/AGO1/FGF2/PRKCA/NRG4/PSMB10/PSMA6/RRAGD/PIK3R3/MAPKAP1/PSMA4/INSR/FRS2/RCOR1/TNKS2/XIAP/PRKAR2A/CDKN1B/ITPR2/EGR1/IL1RAP/IRAK4",36
"R-HSA-196807","Nicotinate metabolism","9/612","31/10616",4.24887330700699e-05,0.00136449531345025,0.00111045741467341,"PARP9/PARP14/CD38/PARP8/NAMPT/PARP10/NT5E/PARP4/NNMT",9
"R-HSA-8854691","Interleukin-20 family signaling","8/612","25/10616",5.24867540775562e-05,0.00163875309953259,0.00133365465770165,"STAT2/STAT1/IFNL2/IFNL1/IFNL3/IL22RA1/JAK2/STAT3",8
"R-HSA-197264","Nicotinamide salvaging","7/612","19/10616",5.59981129246131e-05,0.00170113186289906,0.00138441991839228,"PARP9/PARP14/PARP8/NAMPT/PARP10/PARP4/NNMT",7
"R-HSA-168898","Toll-like Receptor Cascades","22/612","153/10616",6.29794554049139e-05,0.00186286599671377,0.00151604284617369,"TLR3/MYD88/IRF7/BIRC3/CTSS/UNC93B1/MAP3K8/MAP2K6/NFKB2/NFKBIA/LGMN/IRAK2/CASP8/BIRC2/RIPK1/RIPK2/SOCS1/DUSP3/RELA/DNM1/IRAK3/IRAK4",22
"R-HSA-918233","TRAF3-dependent IRF activation pathway","6/612","14/10616",7.21891790918571e-05,0.00208052916151916,0.00169318209529889,"IFIH1/DDX58/IRF7/IFNB1/TRIM25/MAVS",6
"R-HSA-8878171","Transcriptional regulation by RUNX1","29/612","237/10616",9.70992954342727e-05,0.00272849020170306,0.00222050757190482,"PSME2/PSMB8/PML/MOV10/PSMB9/PSME1/LIFR/PSMF1/PCGF5/ELF1/H4C13/PSMA3/AGO1/HIPK2/H4C4/GATA3/PSMB10/PRKCQ/H3C11/H3-3B/PSMA6/H2BC21/OCLN/PSMA4/H3C1/GPAM/SIN3A/H2AC4/H4C3",29
"R-HSA-5607761","Dectin-1 mediated noncanonical NF-kB signaling","12/612","60/10616",0.000131917952863573,0.00361648241508918,0.00294317589315649,"PSME2/PSMB8/PSMB9/PSME1/PSMF1/PSMA3/NFKB2/MAP3K14/PSMB10/PSMA6/PSMA4/RELA",12
"R-HSA-5607764","CLEC7A (Dectin-1) signaling","16/612","100/10616",0.000177512772192948,0.00475057990344936,0.0038661303016459,"PSME2/PSMB8/PSMB9/PSME1/PSMF1/PSMA3/NFKB2/NFKBIA/MAP3K14/NFATC3/PSMB10/CASP8/PSMA6/PSMA4/RELA/ITPR2",16
"R-HSA-1169408","ISG15 antiviral mechanism","13/612","72/10616",0.000207736965298829,0.00543014765106708,0.00441917803781353,"IFIT1/HERC5/DDX58/USP18/STAT1/UBE2L6/EIF2AK2/UBA7/ISG15/TRIM25/NUP50/NUP160/NUP153",13
"R-HSA-1810476","RIP-mediated NFkB activation via ZBP1","6/612","17/10616",0.000256284521737421,0.00654690460074685,0.0053280203203306,"TLR3/MYD88/NFKB2/NFKBIA/RIPK1/RELA",6
"R-HSA-6783783","Interleukin-10 signaling","10/612","47/10616",0.000279894038471291,0.00699113109426069,0.00568954197500706,"CCL5/CXCL10/CSF1/CXCL1/CCL2/CXCL2/CXCL8/CCL20/STAT3/IL1R1",10
"R-HSA-5260271","Diseases of Immune System","7/612","24/10616",0.000298665852588517,0.00699375871478111,0.00569168039253117,"TLR3/MYD88/UNC93B1/NFKB2/NFKBIA/RELA/IRAK4",7
"R-HSA-5602358","Diseases associated with the TLR signaling cascade","7/612","24/10616",0.000298665852588517,0.00699375871478111,0.00569168039253117,"TLR3/MYD88/UNC93B1/NFKB2/NFKBIA/RELA/IRAK4",7
"R-HSA-933542","TRAF6 mediated NF-kB activation","7/612","24/10616",0.000298665852588517,0.00699375871478111,0.00569168039253117,"IFIH1/DDX58/NFKB2/NFKBIA/TRIM25/MAVS/RELA",7
"R-HSA-166016","Toll Like Receptor 4 (TLR4) Cascade","18/612","127/10616",0.000343578517356706,0.00788127047977423,0.00641395771392003,"MYD88/IRF7/BIRC3/MAP3K8/MAP2K6/NFKB2/NFKBIA/IRAK2/CASP8/BIRC2/RIPK1/RIPK2/SOCS1/DUSP3/RELA/DNM1/IRAK3/IRAK4",18
"R-HSA-8939236","RUNX1 regulates transcription of genes involved in differentiation of HSCs","18/612","129/10616",0.000417252366614228,0.00937983320148784,0.00763352224395292,"PSME2/PSMB8/PSMB9/PSME1/PSMF1/H4C13/PSMA3/H4C4/GATA3/PSMB10/H3C11/H3-3B/PSMA6/H2BC21/PSMA4/H3C1/H2AC4/H4C3",18
"R-HSA-157118","Signaling by NOTCH","27/612","234/10616",0.00043628287589377,0.00951552517200914,0.00774395146513948,"STAT1/PSME2/PSMB8/MOV10/PSMB9/PSME1/PSMF1/H4C13/PSMA3/AGO1/JAG1/MAML2/TLE4/H4C4/ARRB1/PSMB10/H3C11/H3-3B/PSMA6/H2BC21/APH1A/PSMA4/H3C1/TBL1X/HES1/H2AC4/H4C3",27
"R-HSA-5357905","Regulation of TNFR1 signaling","8/612","33/10616",0.00044720690925544,0.00951552517200914,0.00774395146513948,"TNFAIP3/RBCK1/BIRC3/CYLD/CASP8/BIRC2/RIPK1/XIAP",8
"R-HSA-450531","Regulation of mRNA stability by proteins that bind AU-rich elements","14/612","88/10616",0.000471425590105328,0.00951552517200914,0.00774395146513948,"PSME2/PSMB8/PSMB9/PSME1/PSMF1/PSMA3/XRN1/PRKCA/ZFP36/DCP1A/ZFP36L1/PSMB10/PSMA6/PSMA4",14
"R-HSA-351202","Metabolism of polyamines","11/612","59/10616",0.00047408310465526,0.00951552517200914,0.00774395146513948,"PSME2/PSMB8/PSMB9/PSME1/PSMF1/PSMA3/SAT1/PSMB10/PSMA6/ODC1/PSMA4",11
"R-HSA-380108","Chemokine receptors bind chemokines","11/612","59/10616",0.00047408310465526,0.00951552517200914,0.00774395146513948,"CCL5/CXCL10/CXCL16/CXCL1/CCL2/CXCL11/CXCL2/CXCL8/CXCL5/CCL20/CXCL3",11
"R-HSA-5676590","NIK-->noncanonical NF-kB signaling","11/612","59/10616",0.00047408310465526,0.00951552517200914,0.00774395146513948,"PSME2/PSMB8/PSMB9/PSME1/PSMF1/PSMA3/NFKB2/MAP3K14/PSMB10/PSMA6/PSMA4",11
"R-HSA-5357769","Caspase activation via extrinsic apoptotic signalling pathway","7/612","26/10616",0.000513175165169005,0.0101194541342099,0.00823544263216741,"TNFSF10/FAS/TNFRSF10A/CASP8/CFLAR/RIPK1/TNFRSF10B",7
"R-HSA-5663202","Diseases of signal transduction","38/612","377/10616",0.000530522266801528,0.0102811556531882,0.00836703901725096,"STAT1/PSME2/PSMB8/BTC/PSMB9/ZC3HAV1/PSME1/PSMF1/JAK2/PIK3AP1/EREG/RICTOR/AREG/NRG1/PSMA3/JAG1/FGF2/MAML2/NRG4/FN1/ARRB1/PSMB10/STAT3/PSMA6/QKI/PIK3R3/APH1A/RNF43/AMER1/TGFBR2/MAPKAP1/PSMA4/CUX1/FRS2/TNKS2/TBL1X/HES1/CDKN1B",38
"R-HSA-187577","SCF(Skp2)-mediated degradation of p27/p21","11/612","60/10616",0.000550895689751353,0.0104950297505173,0.00854109463682294,"PSME2/PSMB8/PSMB9/PSME1/PSMF1/PSMA3/PSMB10/PSMA6/CKS1B/PSMA4/CDKN1B",11
"R-HSA-350562","Regulation of ornithine decarboxylase (ODC)","10/612","51/10616",0.000560863425615507,0.0105068415065305,0.00855070731333115,"PSME2/PSMB8/PSMB9/PSME1/PSMF1/PSMA3/PSMB10/PSMA6/ODC1/PSMA4",10
"R-HSA-5668541","TNFR2 non-canonical NF-kB pathway","15/612","101/10616",0.000637135419985959,0.0117400034764626,0.00955428265690766,"PSME2/PSMB8/TNFSF13B/PSMB9/PSME1/BIRC3/PSMF1/PSMA3/NFKB2/TNFSF15/MAP3K14/PSMB10/PSMA6/BIRC2/PSMA4",15
"R-HSA-983705","Signaling by the B Cell Receptor (BCR)","16/612","112/10616",0.000660350035017515,0.0119715070864466,0.00974268557606486,"PSME2/PSMB8/RASGRP3/PSMB9/PSME1/PSMF1/PIK3AP1/PSMA3/NFKBIA/NFATC3/PSMB10/PSMA6/SH3KBP1/PSMA4/RELA/ITPR2",16
"R-HSA-5633008","TP53 Regulates Transcription of Cell Death Genes","9/612","44/10616",0.000762723932812672,0.0135187093316149,0.0110018340599113,"CASP1/FAS/PMAIP1/TNFRSF10A/CASP10/TNFRSF10B/TNFRSF10D/NDRG1/BIRC5",9
"R-HSA-9013694","Signaling by NOTCH4","13/612","82/10616",0.000769748574042127,0.0135187093316149,0.0110018340599113,"PSME2/PSMB8/PSMB9/PSME1/PSMF1/PSMA3/JAG1/MAML2/PSMB10/PSMA6/APH1A/PSMA4/HES1",13
"R-HSA-168164","Toll Like Receptor 3 (TLR3) Cascade","14/612","93/10616",0.000833659708191907,0.0143101142864011,0.0116458974666441,"TLR3/IRF7/BIRC3/MAP3K8/MAP2K6/NFKB2/NFKBIA/IRAK2/CASP8/BIRC2/RIPK1/RIPK2/DUSP3/RELA",14
"R-HSA-1834949","Cytosolic sensors of pathogen-associated DNA ","11/612","63/10616",0.00084612473940338,0.0143101142864011,0.0116458974666441,"TRIM21/TLR3/MYD88/IFI16/IRF7/TRIM56/NFKB2/NFKBIA/RIPK1/RELA/STAT6",11
"R-HSA-1168372","Downstream signaling events of B Cell Receptor (BCR)","13/612","83/10616",0.000865736451490458,0.0143101142864011,0.0116458974666441,"PSME2/PSMB8/RASGRP3/PSMB9/PSME1/PSMF1/PSMA3/NFKBIA/NFATC3/PSMB10/PSMA6/PSMA4/RELA",13
"R-HSA-69202","Cyclin E associated events during G1/S transition ","13/612","83/10616",0.000865736451490458,0.0143101142864011,0.0116458974666441,"PSME2/PSMB8/PSMB9/PSME1/PSMF1/PSMA3/PSMB10/PSMA6/CKS1B/PSMA4/MAX/CABLES1/CDKN1B",13
"R-HSA-180585","Vif-mediated degradation of APOBEC3G","10/612","54/10616",0.000898828370071166,0.0146417838834781,0.0119158177512104,"PSME2/PSMB8/PSMB9/PSME1/PSMF1/PSMA3/PSMB10/PSMA6/PSMA4/APOBEC3G",10
"R-HSA-1606322","ZBP1(DAI) mediated induction of type I IFNs","6/612","21/10616",0.000921792607432915,0.0148013555822085,0.012045680839988,"TLR3/MYD88/NFKB2/NFKBIA/RIPK1/RELA",6
"R-HSA-4641257","Degradation of AXIN","10/612","55/10616",0.00104301865508815,0.016121333959388,0.0131199093563478,"PSME2/PSMB8/PSMB9/PSME1/PSMF1/PSMA3/PSMB10/PSMA6/PSMA4/TNKS2",10
"R-HSA-8941858","Regulation of RUNX3 expression and activity","10/612","55/10616",0.00104301865508815,0.016121333959388,0.0131199093563478,"PSME2/PSMB8/PSMB9/PSME1/PSMF1/PSMA3/PSMB10/PSMA6/PSMA4/SMURF1",10
"R-HSA-933541","TRAF6 mediated IRF7 activation","7/612","29/10616",0.00104702613793178,0.016121333959388,0.0131199093563478,"IFIH1/DDX58/IRF7/IFNB1/TRIM25/MAVS/IFNA13",7
"R-HSA-5632684","Hedgehog 'on' state","13/612","85/10616",0.00108801230797017,0.0163056777887796,0.0132699325701906,"PSME2/PSMB8/PSMB9/PSME1/PSMF1/PSMA3/CDON/ARRB1/PSMB10/CDC73/PSMA6/PSMA4/SMURF1",13
"R-HSA-69656","Cyclin A:Cdk2-associated events at S phase entry","13/612","85/10616",0.00108801230797017,0.0163056777887796,0.0132699325701906,"PSME2/PSMB8/PSMB9/PSME1/PSMF1/PSMA3/PSMB10/PSMA6/CKS1B/PSMA4/MAX/CABLES1/CDKN1B",13
"R-HSA-8878159","Transcriptional regulation by RUNX3","14/612","96/10616",0.00114722882232537,0.016916483090375,0.0137670198590896,"PSME2/PSMB8/PSMB9/PSME1/PSMF1/PSMA3/JAG1/MAML2/PSMB10/PSMA6/PSMA4/BRD2/SMURF1/HES1",14
"R-HSA-6785631","ERBB2 Regulates Cell Motility","5/612","15/10616",0.00115886939320184,0.016916483090375,0.0137670198590896,"BTC/EREG/NRG1/NRG4/MEMO1",5
"R-HSA-6785807","Interleukin-4 and Interleukin-13 signaling","15/612","108/10616",0.00129203954887476,0.0182480905566848,0.0148507123934811,"STAT1/MCL1/CCL2/JAK2/FGF2/CXCL8/FN1/GATA3/STAT3/JUNB/MAOA/SOCS1/BIRC5/STAT6/HMOX1",15
"R-HSA-8953897","Cellular responses to external stimuli","45/612","491/10616",0.00129470234872821,0.0182480905566848,0.0148507123934811,"MT2A/PSME2/PSMB8/CASTOR2/MT1G/MOV10/PSMB9/PSME1/MT1B/NBN/PSMF1/IFNB1/ETS2/H4C13/MT1A/PSMA3/AGO1/MAP2K6/DNAJA1/MT1F/CXCL8/MT1X/H4C4/PSMB10/H1-3/H3C11/STAT3/MT1H/H3-3B/PSMA6/NUP50/RRAGD/H2BC21/SOD2/PSMA4/HSPA2/H3C1/BAG1/NUP160/RELA/NUP153/CDKN1B/TUBB4A/H2AC4/H4C3",45
"R-HSA-5357956","TNFR1-induced NFkappaB signaling pathway","7/612","30/10616",0.00129879648090283,0.0182480905566848,0.0148507123934811,"TNFAIP3/RBCK1/BIRC3/CYLD/BIRC2/RIPK1/XIAP",7
"R-HSA-1169091","Activation of NF-kappaB in B cells","11/612","67/10616",0.00143289947603519,0.0198836914946118,0.016181801750157,"PSME2/PSMB8/PSMB9/PSME1/PSMF1/PSMA3/NFKBIA/PSMB10/PSMA6/PSMA4/RELA",11
"R-HSA-983231","Factors involved in megakaryocyte development and platelet production","20/612","168/10616",0.00159414479596373,0.0218514481788198,0.0177832070307122,"IRF1/IRF2/IFNB1/JAK2/GATA6/GATA3/DOCK10/DOCK4/H3C11/H3-3B/EHD2/KIF1C/KIF3C/H3C1/IFNA13/RCOR1/PRKAR2A/CABLES1/SIN3A/TUBB4A",20
"R-HSA-983168","Antigen processing: Ubiquitination & Proteasome degradation","31/612","307/10616",0.00163877149877784,0.0221925200557384,0.0180607791051102,"HERC5/DTX3L/TRIM21/RNF213/HERC6/UBE2L6/PSME2/PSMB8/RNF19B/PSMB9/UBA7/RBCK1/PSME1/PSMF1/LNPEP/LMO7/RBBP6/TRIP12/PSMA3/RNF114/PSMB10/PSMA6/UBA6/SOCS1/WSB1/FBXO7/PSMA4/UBR2/FBXL20/SMURF1/ASB13",31
"R-HSA-5687128","MAPK6/MAPK4 signaling","13/612","89/10616",0.00167682392013898,0.0224375010266216,0.0182601502080298,"PSME2/PSMB8/MOV10/PSMB9/PSME1/PSMF1/PSMA3/AGO1/PAK3/PSMB10/PSMA6/PSMA4/CDC14B",13
"R-HSA-1250342","PI3K events in ERBB4 signaling","4/612","10/10616",0.00173665208797573,0.0226976389172642,0.0184718563580282,"BTC/EREG/NRG1/NRG4",4
"R-HSA-75072","mRNA Editing","4/612","10/10616",0.00173665208797573,0.0226976389172642,0.0184718563580282,"ADAR/APOBEC3B/ADARB1/APOBEC3C",4
"R-HSA-201681","TCF dependent signaling in response to WNT","25/612","231/10616",0.00175709873639408,0.0227009078127236,0.0184745166597273,"PSME2/PSMB8/PSMB9/PSME1/PSMF1/H4C13/PSMA3/TLE4/SFRP1/H4C4/PSMB10/CDC73/H3C11/H3-3B/PSMA6/H2BC21/RNF43/AMER1/PSMA4/H3C1/TNKS2/XIAP/CHD8/H2AC4/H4C3",25
"R-HSA-8948751","Regulation of PTEN stability and activity","11/612","69/10616",0.00183225800896841,0.0234029318418238,0.0190458398300664,"PSME2/PSMB8/PSMB9/PSME1/PSMF1/PSMA3/PSMB10/PSMA6/PSMA4/TNKS2/XIAP",11
"R-HSA-6783589","Interleukin-6 family signaling","6/612","24/10616",0.00197199763476642,0.0244585565363535,0.0199049312887162,"STAT1/LIFR/JAK2/OSMR/STAT3/IL6ST",6
"R-HSA-1236978","Cross-presentation of soluble exogenous antigens (endosomes)","9/612","50/10616",0.00198018562705353,0.0244585565363535,0.0199049312887162,"PSME2/PSMB8/PSMB9/PSME1/PSMF1/PSMA3/PSMB10/PSMA6/PSMA4",9
"R-HSA-211733","Regulation of activated PAK-2p34 by proteasome mediated degradation","9/612","50/10616",0.00198018562705353,0.0244585565363535,0.0199049312887162,"PSME2/PSMB8/PSMB9/PSME1/PSMF1/PSMA3/PSMB10/PSMA6/PSMA4",9
"R-HSA-5689603","UCH proteinases","14/612","102/10616",0.00207495703329663,0.0253505620154937,0.0206308656971942,"PSME2/PSMB8/PSMB9/PSME1/PSMF1/PSMA3/USP15/H2AC12/PSMB10/PSMA6/BARD1/TGFBR2/PSMA4/H2AC4",14
"R-HSA-2871837","FCERI mediated NF-kB activation","12/612","81/10616",0.00220835713243341,0.0266902517941414,0.0217211358017502,"PSME2/PSMB8/PSMB9/PSME1/PSMF1/PSMA3/NFKBIA/PSMB10/PRKCQ/PSMA6/PSMA4/RELA",12
"R-HSA-195721","Signaling by WNT","32/612","329/10616",0.00253129250487133,0.0286397643320637,0.0233076935798496,"PSME2/PSMB8/GNB4/MOV10/PSMB9/PSME1/PSMF1/H4C13/PSMA3/AGO1/PRKCA/TLE4/SFRP1/H4C4/PSMB10/CDC73/H3C11/GNG5/H3-3B/PSMA6/H2BC21/RNF43/AMER1/PSMA4/H3C1/TNKS2/XIAP/SMURF1/CHD8/ITPR2/H2AC4/H4C3",32
"R-HSA-1059683","Interleukin-6 signaling","4/612","11/10616",0.00260542383407363,0.0286397643320637,0.0233076935798496,"STAT1/JAK2/STAT3/IL6ST",4
"R-HSA-9020956","Interleukin-27 signaling","4/612","11/10616",0.00260542383407363,0.0286397643320637,0.0233076935798496,"STAT1/JAK2/STAT3/IL6ST",4
"R-HSA-6807070","PTEN Regulation","17/612","139/10616",0.00261063260807723,0.0286397643320637,0.0233076935798496,"PSME2/PSMB8/PML/MOV10/PSMB9/PSME1/PSMF1/PSMA3/AGO1/PSMB10/PSMA6/RRAGD/PSMA4/RCOR1/TNKS2/XIAP/EGR1",17
"R-HSA-180534","Vpu mediated degradation of CD4","9/612","52/10616",0.00262446238985993,0.0286397643320637,0.0233076935798496,"PSME2/PSMB8/PSMB9/PSME1/PSMF1/PSMA3/PSMB10/PSMA6/PSMA4",9
"R-HSA-349425","Autodegradation of the E3 ubiquitin ligase COP1","9/612","52/10616",0.00262446238985993,0.0286397643320637,0.0233076935798496,"PSME2/PSMB8/PSMB9/PSME1/PSMF1/PSMA3/PSMB10/PSMA6/PSMA4",9
"R-HSA-69601","Ubiquitin Mediated Degradation of Phosphorylated Cdc25A","9/612","52/10616",0.00262446238985993,0.0286397643320637,0.0233076935798496,"PSME2/PSMB8/PSMB9/PSME1/PSMF1/PSMA3/PSMB10/PSMA6/PSMA4",9
"R-HSA-69610","p53-Independent DNA Damage Response","9/612","52/10616",0.00262446238985993,0.0286397643320637,0.0233076935798496,"PSME2/PSMB8/PSMB9/PSME1/PSMF1/PSMA3/PSMB10/PSMA6/PSMA4",9
"R-HSA-69613","p53-Independent G1/S DNA damage checkpoint","9/612","52/10616",0.00262446238985993,0.0286397643320637,0.0233076935798496,"PSME2/PSMB8/PSMB9/PSME1/PSMF1/PSMA3/PSMB10/PSMA6/PSMA4",9
"R-HSA-75815","Ubiquitin-dependent degradation of Cyclin D","9/612","52/10616",0.00262446238985993,0.0286397643320637,0.0233076935798496,"PSME2/PSMB8/PSMB9/PSME1/PSMF1/PSMA3/PSMB10/PSMA6/PSMA4",9
"R-HSA-75893","TNF signaling","8/612","43/10616",0.00280821388330754,0.0303503115849776,0.0246997759574317,"TNFAIP3/RBCK1/BIRC3/CYLD/CASP8/BIRC2/RIPK1/XIAP",8
"R-HSA-8939902","Regulation of RUNX2 expression and activity","11/612","73/10616",0.00290302947913283,0.031076239376622,0.025290552555052,"STAT1/PSME2/PSMB8/PSMB9/PSME1/PSMF1/PSMA3/PSMB10/PSMA6/PSMA4/SMURF1",11
"R-HSA-169911","Regulation of Apoptosis","9/612","53/10616",0.00300349640537992,0.0318184504174443,0.0258945808323273,"PSME2/PSMB8/PSMB9/PSME1/PSMF1/PSMA3/PSMB10/PSMA6/PSMA4",9
"R-HSA-5621481","C-type lectin receptors (CLRs)","17/612","141/10616",0.00303700071188709,0.0318184504174443,0.0258945808323273,"PSME2/PSMB8/PSMB9/PSME1/PSMF1/PSMA3/NFKB2/NFKBIA/MAP3K14/PAK3/NFATC3/PSMB10/CASP8/PSMA6/PSMA4/RELA/ITPR2",17
"R-HSA-912694","Regulation of IFNA signaling","6/612","26/10616",0.00305728883014589,0.0318184504174443,0.0258945808323273,"USP18/STAT2/STAT1/IFNB1/SOCS1/IFNA13",6
"R-HSA-202403","TCR signaling","15/612","118/10616",0.00313950316941681,0.0323743262607752,0.0263469652749707,"PSME2/PSMB8/PSMB9/PSME1/FYB1/PSMF1/PSMA3/NFKBIA/PAK3/PSMB10/PRKCQ/PSMA6/RIPK2/PSMA4/RELA",15
"R-HSA-4608870","Asymmetric localization of PCP proteins","10/612","64/10616",0.00339093980819168,0.0343666011962898,0.0279683240677803,"PSME2/PSMB8/PSMB9/PSME1/PSMF1/PSMA3/PSMB10/PSMA6/PSMA4/SMURF1",10
"R-HSA-8854050","FBXL7 down-regulates AURKA during mitotic entry and in early mitosis","9/612","54/10616",0.00342443001244168,0.0343666011962898,0.0279683240677803,"PSME2/PSMB8/PSMB9/PSME1/PSMF1/PSMA3/PSMB10/PSMA6/PSMA4",9
"R-HSA-9604323","Negative regulation of NOTCH4 signaling","9/612","54/10616",0.00342443001244168,0.0343666011962898,0.0279683240677803,"PSME2/PSMB8/PSMB9/PSME1/PSMF1/PSMA3/PSMB10/PSMA6/PSMA4",9
"R-HSA-166166","MyD88-independent TLR4 cascade ","13/612","97/10616",0.00364945128024827,0.0353501123155726,0.0287687278537484,"IRF7/BIRC3/MAP3K8/MAP2K6/NFKB2/NFKBIA/IRAK2/CASP8/BIRC2/RIPK1/RIPK2/DUSP3/RELA",13
"R-HSA-202424","Downstream TCR signaling","13/612","97/10616",0.00364945128024827,0.0353501123155726,0.0287687278537484,"PSME2/PSMB8/PSMB9/PSME1/PSMF1/PSMA3/NFKBIA/PSMB10/PRKCQ/PSMA6/RIPK2/PSMA4/RELA",13
"R-HSA-937061","TRIF(TICAM1)-mediated TLR4 signaling ","13/612","97/10616",0.00364945128024827,0.0353501123155726,0.0287687278537484,"IRF7/BIRC3/MAP3K8/MAP2K6/NFKB2/NFKBIA/IRAK2/CASP8/BIRC2/RIPK1/RIPK2/DUSP3/RELA",13
"R-HSA-6803211","TP53 Regulates Transcription of Death Receptors and Ligands","4/612","12/10616",0.00373149906513385,0.0353501123155726,0.0287687278537484,"FAS/TNFRSF10A/TNFRSF10B/TNFRSF10D",4
"R-HSA-8984722","Interleukin-35 Signalling","4/612","12/10616",0.00373149906513385,0.0353501123155726,0.0287687278537484,"STAT1/JAK2/STAT3/IL6ST",4
"R-HSA-1368108","BMAL1:CLOCK,NPAS2 activates circadian gene expression","6/612","27/10616",0.00374258306543873,0.0353501123155726,0.0287687278537484,"NAMPT/SERPINE1/HELZ2/NOCT/NCOA2/TBL1X",6
"R-HSA-3000170","Syndecan interactions","6/612","27/10616",0.00374258306543873,0.0353501123155726,0.0287687278537484,"ITGA2/FGF2/PRKCA/FN1/SDC4/ITGB4",6
"R-HSA-3108232","SUMO E3 ligases SUMOylate target proteins","20/612","181/10616",0.00384375085621177,0.0360031330198502,0.0293001710004213,"SP100/PML/H4C13/NFKB2/NFKBIA/HIPK2/H4C4/NR4A2/TOP1/NUP50/NR5A2/NCOA2/NUP160/RELA/NUP153/SIN3A/THRA/BIRC5/H4C3/TOP2A",20
"R-HSA-174113","SCF-beta-TrCP mediated degradation of Emi1","9/612","55/10616",0.00389035832148911,0.036138535151684,0.0294103643442718,"PSME2/PSMB8/PSMB9/PSME1/PSMF1/PSMA3/PSMB10/PSMA6/PSMA4",9
"R-HSA-69563","p53-Dependent G1 DNA Damage Response","10/612","66/10616",0.00426037845534906,0.0389322388927833,0.0316839441822707,"PSME2/PSMB8/PSMB9/PSME1/PSMF1/PSMA3/PSMB10/PSMA6/PSMA4/CDKN1B",10
"R-HSA-69580","p53-Dependent G1/S DNA damage checkpoint","10/612","66/10616",0.00426037845534906,0.0389322388927833,0.0316839441822707,"PSME2/PSMB8/PSMB9/PSME1/PSMF1/PSMA3/PSMB10/PSMA6/PSMA4/CDKN1B",10
"R-HSA-450408","AUF1 (hnRNP D0) binds and destabilizes mRNA","9/612","56/10616",0.00440446235254313,0.0396049254740679,0.0322313918682946,"PSME2/PSMB8/PSMB9/PSME1/PSMF1/PSMA3/PSMB10/PSMA6/PSMA4",9
"R-HSA-5362768","Hh mutants that don't undergo autocatalytic processing are degraded by ERAD","9/612","56/10616",0.00440446235254313,0.0396049254740679,0.0322313918682946,"PSME2/PSMB8/PSMB9/PSME1/PSMF1/PSMA3/PSMB10/PSMA6/PSMA4",9
"R-HSA-8939211","ESR-mediated signaling","23/612","222/10616",0.00455735465898671,0.0406544971166751,0.0330855572152001,"GNB4/MOV10/BTC/EREG/H4C13/AREG/AGO1/USF1/H4C4/GATA3/H3C11/GNG5/H3-3B/NR5A2/H2BC21/PIK3R3/NCOA2/H3C1/CDKN1B/ZNF217/GPAM/H2AC4/H4C3",23
"R-HSA-4641258","Degradation of DVL","9/612","57/10616",0.00497000112874947,0.0436428224118313,0.0355175245138428,"PSME2/PSMB8/PSMB9/PSME1/PSMF1/PSMA3/PSMB10/PSMA6/PSMA4",9
"R-HSA-69541","Stabilization of p53","9/612","57/10616",0.00497000112874947,0.0436428224118313,0.0355175245138428,"PSME2/PSMB8/PSMB9/PSME1/PSMF1/PSMA3/PSMB10/PSMA6/PSMA4",9
"R-HSA-1679131","Trafficking and processing of endosomal TLR","4/612","13/10616",0.005146845225033,0.0441607178086801,0.0359389996026812,"TLR3/CTSS/UNC93B1/LGMN",4
"R-HSA-5357786","TNFR1-induced proapoptotic signaling","4/612","13/10616",0.005146845225033,0.0441607178086801,0.0359389996026812,"TNFAIP3/CYLD/CASP8/RIPK1",4
"R-HSA-8847993","ERBB2 Activates PTK6 Signaling","4/612","13/10616",0.005146845225033,0.0441607178086801,0.0359389996026812,"BTC/EREG/NRG1/NRG4",4
"R-HSA-69615","G1/S DNA Damage Checkpoints","10/612","68/10616",0.00529674879334715,0.045102618513047,0.0367055398837215,"PSME2/PSMB8/PSMB9/PSME1/PSMF1/PSMA3/PSMB10/PSMA6/PSMA4/CDKN1B",10
"R-HSA-111465","Apoptotic cleavage of cellular proteins","7/612","38/10616",0.00539740689235904,0.0452737712463549,0.0368448278826395,"CASP7/DSP/PRKCQ/CASP8/BIRC2/OCLN/CDH1",7
"R-HSA-5689896","Ovarian tumor domain proteases","7/612","38/10616",0.00539740689235904,0.0452737712463549,0.0368448278826395,"IFIH1/DDX58/TNFAIP3/TRIM25/RIPK1/RIPK2/MAVS",7
"R-HSA-2990846","SUMOylation","20/612","187/10616",0.00554737609140387,0.0461870424202811,0.0375880687986741,"SP100/PML/H4C13/NFKB2/NFKBIA/HIPK2/H4C4/NR4A2/TOP1/NUP50/NR5A2/NCOA2/NUP160/RELA/NUP153/SIN3A/THRA/BIRC5/H4C3/TOP2A",20
